Date,Open,High,Low,Close,Adj Close,Volume,200SMA,EMA_8,EMA_21
2022-01-03,4778.14013671875,4796.64013671875,4758.169921875,4796.56005859375,4796.56005859375,3831020000,,4796.56,4796.56
2022-01-04,4804.509765625,4818.6201171875,4774.27001953125,4793.5400390625,4793.5400390625,4683170000,,4794.86,4794.98
2022-01-05,4787.990234375,4797.7001953125,4699.43994140625,4700.580078125,4700.580078125,4887960000,,4755.29,4760.47
2022-01-06,4693.39013671875,4725.009765625,4671.259765625,4696.0498046875,4696.0498046875,4295280000,,4734.53,4741.99
2022-01-07,4697.66015625,4707.9501953125,4662.740234375,4677.02978515625,4677.02978515625,4181510000,,4716.67,4726.42
2022-01-10,4655.33984375,4673.02001953125,4582.240234375,4670.2900390625,4670.2900390625,4511810000,,4703.43,4714.7
2022-01-11,4669.14013671875,4714.1298828125,4638.27001953125,4713.06982421875,4713.06982421875,4101590000,,4706.02,4714.4
2022-01-12,4728.58984375,4748.830078125,4706.7099609375,4726.35009765625,4726.35009765625,4048220000,,4711.24,4716.43
2022-01-13,4733.56005859375,4744.1298828125,4650.2900390625,4659.02978515625,4659.02978515625,4251730000,,4698.29,4707.37
2022-01-14,4637.990234375,4665.1298828125,4614.75,4662.85009765625,4662.85009765625,4338490000,,4689.72,4700.78
2022-01-18,4632.240234375,4632.240234375,4568.7001953125,4577.10986328125,4577.10986328125,4748700000,,4663.01,4683.47
2022-01-19,4588.02978515625,4611.5498046875,4530.2001953125,4532.759765625,4532.759765625,4465740000,,4632.57,4663.37
2022-01-20,4547.35009765625,4602.10986328125,4477.9501953125,4482.72998046875,4482.72998046875,4640870000,,4597.96,4640.25
2022-01-21,4471.3798828125,4494.52001953125,4395.33984375,4397.93994140625,4397.93994140625,5589100000,,4552.15,4610.35
2022-01-24,4356.31982421875,4417.35009765625,4222.6201171875,4410.1298828125,4410.1298828125,6928110000,,4519.84,4586.42
2022-01-25,4366.64013671875,4411.009765625,4287.10986328125,4356.4501953125,4356.4501953125,5145050000,,4482.87,4559.69
2022-01-26,4408.43017578125,4453.22998046875,4304.7998046875,4349.93017578125,4349.93017578125,5570640000,,4452.91,4535.92
2022-01-27,4380.580078125,4428.740234375,4309.5,4326.509765625,4326.509765625,5214200000,,4424.51,4512.71
2022-01-28,4336.18994140625,4432.72021484375,4292.4599609375,4431.85009765625,4431.85009765625,5031090000,,4426.16,4503.92
2022-01-31,4431.7900390625,4516.89013671875,4414.02001953125,4515.5498046875,4515.5498046875,5098610000,,4446.15,4505.16
2022-02-01,4519.56982421875,4550.490234375,4483.52978515625,4546.5400390625,4546.5400390625,4816830000,,4468.58,4509.51
2022-02-02,4566.39013671875,4595.31005859375,4544.31982421875,4589.3798828125,4589.3798828125,4481580000,,4495.53,4517.79
2022-02-03,4535.41015625,4542.8798828125,4470.39013671875,4477.43994140625,4477.43994140625,4401970000,,4491.5,4513.66
2022-02-04,4482.7900390625,4539.66015625,4451.5,4500.52978515625,4500.52978515625,4706290000,,4493.51,4512.33
2022-02-07,4505.75,4521.85986328125,4471.47021484375,4483.8701171875,4483.8701171875,4228480000,,4491.36,4509.48
2022-02-08,4480.02001953125,4531.31982421875,4465.39990234375,4521.5400390625,4521.5400390625,4459620000,,4498.08,4510.68
2022-02-09,4547.0,4590.02978515625,4547.0,4587.18017578125,4587.18017578125,4524350000,,4517.9,4518.21
2022-02-10,4553.240234375,4588.919921875,4484.31005859375,4504.080078125,4504.080078125,5314860000,,4514.83,4516.83
2022-02-11,4506.27001953125,4526.330078125,4401.41015625,4418.64013671875,4418.64013671875,5251500000,,4493.44,4507.3
2022-02-14,4412.60986328125,4426.22021484375,4364.83984375,4401.669921875,4401.669921875,4600390000,,4473.03,4497.11
2022-02-15,4429.27978515625,4472.77001953125,4429.27978515625,4471.06982421875,4471.06982421875,4430830000,,4472.6,4494.62
2022-02-16,4455.75,4489.5498046875,4429.68017578125,4475.009765625,4475.009765625,4283640000,,4473.13,4492.75
2022-02-17,4456.06005859375,4456.06005859375,4373.81005859375,4380.259765625,4380.259765625,4539420000,,4452.49,4482.06
2022-02-18,4384.56982421875,4394.60009765625,4327.22021484375,4348.8701171875,4348.8701171875,4708060000,,4429.46,4469.46
2022-02-22,4332.740234375,4362.1201171875,4267.10986328125,4304.759765625,4304.759765625,5121900000,,4401.74,4453.93
2022-02-23,4324.93017578125,4341.509765625,4221.509765625,4225.5,4225.5,4797430000,,4362.57,4432.47
2022-02-24,4155.77001953125,4294.72998046875,4114.64990234375,4288.7001953125,4288.7001953125,6752130000,,4346.16,4419.01
2022-02-25,4298.3798828125,4385.33984375,4286.830078125,4384.64990234375,4384.64990234375,5177060000,,4354.71,4415.8
2022-02-28,4354.169921875,4388.83984375,4315.1201171875,4373.93994140625,4373.93994140625,6071370000,,4358.98,4411.9
2022-03-01,4363.14013671875,4378.4501953125,4279.5400390625,4306.259765625,4306.259765625,5846230000,,4347.27,4402.08
2022-03-02,4322.56005859375,4401.47998046875,4322.56005859375,4386.5400390625,4386.5400390625,5337870000,,4355.99,4400.64
2022-03-03,4401.31005859375,4416.77978515625,4345.56005859375,4363.490234375,4363.490234375,5039890000,,4357.66,4397.2
2022-03-04,4342.1201171875,4342.1201171875,4284.97998046875,4328.8701171875,4328.8701171875,5797380000,,4351.26,4390.88
2022-03-07,4327.009765625,4327.009765625,4199.85009765625,4201.08984375,4201.08984375,6940470000,,4317.89,4373.36
2022-03-08,4202.66015625,4276.93994140625,4157.8701171875,4170.7001953125,4170.7001953125,7243120000,,4285.18,4354.68
2022-03-09,4223.10009765625,4299.39990234375,4223.10009765625,4277.8798828125,4277.8798828125,5662670000,,4283.56,4347.61
2022-03-10,4252.5498046875,4268.27978515625,4209.7998046875,4259.52001953125,4259.52001953125,4980830000,,4278.22,4339.51
2022-03-11,4279.5,4291.009765625,4200.490234375,4204.31005859375,4204.31005859375,4938640000,,4261.79,4327.09
2022-03-14,4202.75,4247.56982421875,4161.72021484375,4173.10986328125,4173.10986328125,5574920000,,4242.09,4312.96
2022-03-15,4188.81982421875,4271.0498046875,4187.89990234375,4262.4501953125,4262.4501953125,5392470000,,4246.61,4308.33
2022-03-16,4288.14013671875,4358.89990234375,4251.990234375,4357.85986328125,4357.85986328125,6309750000,,4271.33,4312.87
2022-03-17,4345.10986328125,4412.669921875,4335.64990234375,4411.669921875,4411.669921875,4985090000,,4302.52,4321.91
2022-03-18,4407.33984375,4465.39990234375,4390.56982421875,4463.1201171875,4463.1201171875,8278430000,,4338.21,4334.83
2022-03-21,4462.39990234375,4481.75,4424.2998046875,4461.18017578125,4461.18017578125,4869820000,,4365.54,4346.39
2022-03-22,4469.10009765625,4522.0,4469.10009765625,4511.60986328125,4511.60986328125,4754840000,,4398.0,4361.49
2022-03-23,4493.10009765625,4501.06982421875,4455.81005859375,4456.240234375,4456.240234375,4550670000,,4410.94,4370.14
2022-03-24,4469.97998046875,4520.580078125,4465.169921875,4520.16015625,4520.16015625,4131390000,,4435.21,4383.84
2022-03-25,4522.91015625,4546.02978515625,4501.06982421875,4543.06005859375,4543.06005859375,4305020000,,4459.18,4398.37
2022-03-28,4541.08984375,4575.64990234375,4517.68994140625,4575.52001953125,4575.52001953125,4312260000,,4485.03,4414.54
2022-03-29,4602.85986328125,4637.2998046875,4589.66015625,4631.60009765625,4631.60009765625,5085910000,,4517.6,4434.33
2022-03-30,4624.2001953125,4627.77001953125,4581.31982421875,4602.4501953125,4602.4501953125,4385570000,,4536.46,4449.66
2022-03-31,4599.02001953125,4603.06982421875,4530.41015625,4530.41015625,4530.41015625,4823020000,,4535.11,4457.02
2022-04-01,4540.31982421875,4548.7001953125,4507.56982421875,4545.85986328125,4545.85986328125,4562940000,,4537.5,4465.12
2022-04-04,4547.97021484375,4583.5,4539.2099609375,4582.64013671875,4582.64013671875,4547350000,,4547.53,4475.83
2022-04-05,4572.4501953125,4593.4501953125,4514.169921875,4525.1201171875,4525.1201171875,4800620000,,4542.55,4480.32
2022-04-06,4494.169921875,4503.93994140625,4450.0400390625,4481.14990234375,4481.14990234375,4986830000,,4528.91,4480.39
2022-04-07,4474.64990234375,4521.16015625,4450.2998046875,4500.2099609375,4500.2099609375,4821490000,,4522.53,4482.2
2022-04-08,4494.14990234375,4520.41015625,4474.60009765625,4488.27978515625,4488.27978515625,4083200000,,4514.92,4482.75
2022-04-11,4462.64013671875,4464.35009765625,4408.3798828125,4412.52978515625,4412.52978515625,4266290000,,4492.17,4476.36
2022-04-12,4437.58984375,4471.0,4381.33984375,4397.4501953125,4397.4501953125,4152090000,,4471.12,4469.18
2022-04-13,4394.2998046875,4453.919921875,4392.7001953125,4446.58984375,4446.58984375,3828150000,,4465.67,4467.12
2022-04-14,4449.1201171875,4460.4599609375,4390.77001953125,4392.58984375,4392.58984375,4083090000,,4449.43,4460.34
2022-04-18,4385.6298828125,4410.31005859375,4370.2998046875,4391.68994140625,4391.68994140625,3910490000,,4436.6,4454.09
2022-04-19,4390.6298828125,4471.02978515625,4390.6298828125,4462.2099609375,4462.2099609375,4108120000,,4442.29,4454.83
2022-04-20,4472.259765625,4488.2900390625,4448.759765625,4459.4501953125,4459.4501953125,4290450000,,4446.1,4455.25
2022-04-21,4489.169921875,4512.93994140625,4384.47021484375,4393.66015625,4393.66015625,4636890000,,4434.45,4449.65
2022-04-22,4385.830078125,4385.830078125,4267.6201171875,4271.77978515625,4271.77978515625,4651940000,,4398.3,4433.47
2022-04-25,4255.33984375,4299.02001953125,4200.81982421875,4296.1201171875,4296.1201171875,5240040000,,4375.59,4420.97
2022-04-26,4278.14013671875,4278.14013671875,4175.0400390625,4175.2001953125,4175.2001953125,4689970000,,4331.06,4398.62
2022-04-27,4186.52001953125,4240.7099609375,4162.89990234375,4183.9599609375,4183.9599609375,4769680000,,4298.37,4379.09
2022-04-28,4222.580078125,4308.4501953125,4188.6298828125,4287.5,4287.5,4854180000,,4295.96,4370.76
2022-04-29,4253.75,4269.68017578125,4124.27978515625,4131.93017578125,4131.93017578125,5084030000,,4259.51,4349.04
2022-05-02,4130.60986328125,4169.81005859375,4062.510009765625,4155.3798828125,4155.3798828125,5163790000,,4236.37,4331.43
2022-05-03,4159.77978515625,4200.10009765625,4147.080078125,4175.47998046875,4175.47998046875,4582050000,,4222.84,4317.25
2022-05-04,4181.18017578125,4307.66015625,4148.91015625,4300.169921875,4300.169921875,5136360000,,4240.02,4315.7
2022-05-05,4270.43017578125,4270.43017578125,4106.009765625,4146.8701171875,4146.8701171875,5077030000,,4219.32,4300.34
2022-05-06,4128.169921875,4157.68994140625,4067.909912109375,4123.33984375,4123.33984375,5116940000,,4197.99,4284.25
2022-05-09,4081.27001953125,4081.27001953125,3975.47998046875,3991.239990234375,3991.239990234375,5954520000,,4152.05,4257.61
2022-05-10,4035.179931640625,4068.820068359375,3958.169921875,4001.050048828125,4001.050048828125,5885820000,,4118.49,4234.28
2022-05-11,3990.080078125,4049.090087890625,3928.820068359375,3935.179931640625,3935.179931640625,5816140000,,4077.76,4207.08
2022-05-12,3903.949951171875,3964.800048828125,3858.8701171875,3930.080078125,3930.080078125,6286450000,,4044.94,4181.9
2022-05-13,3963.89990234375,4038.8798828125,3963.89990234375,4023.889892578125,4023.889892578125,5183340000,,4040.26,4167.53
2022-05-16,4013.02001953125,4046.4599609375,3983.989990234375,4008.010009765625,4008.010009765625,4415030000,,4033.09,4153.03
2022-05-17,4052.0,4090.719970703125,4033.929931640625,4088.85009765625,4088.85009765625,4841410000,,4045.48,4147.19
2022-05-18,4051.97998046875,4051.97998046875,3911.909912109375,3923.679931640625,3923.679931640625,5103220000,,4018.42,4126.87
2022-05-19,3899.0,3945.9599609375,3876.580078125,3900.7900390625,3900.7900390625,5113550000,,3992.28,4106.31
2022-05-20,3927.760009765625,3943.419921875,3810.320068359375,3901.360107421875,3901.360107421875,5130730000,,3972.07,4087.68
2022-05-23,3919.419921875,3981.8798828125,3909.0400390625,3973.75,3973.75,4420030000,,3972.45,4077.32
2022-05-24,3942.93994140625,3955.679931640625,3875.1298828125,3941.47998046875,3941.47998046875,4923190000,,3965.56,4064.97
2022-05-25,3929.590087890625,3999.330078125,3925.030029296875,3978.72998046875,3978.72998046875,4802560000,,3968.49,4057.13
2022-05-26,3984.60009765625,4075.139892578125,3984.60009765625,4057.840087890625,4057.840087890625,4709970000,,3988.35,4057.2
2022-05-27,4077.429931640625,4158.490234375,4077.429931640625,4158.240234375,4158.240234375,4375620000,,4026.1,4066.38
2022-05-31,4151.08984375,4168.33984375,4104.8798828125,4132.14990234375,4132.14990234375,6822640000,,4049.67,4072.36
2022-06-01,4149.77978515625,4166.5400390625,4073.85009765625,4101.22998046875,4101.22998046875,4531800000,,4061.13,4074.99
2022-06-02,4095.409912109375,4177.509765625,4074.3701171875,4176.81982421875,4176.81982421875,4405790000,,4086.84,4084.24
2022-06-03,4137.56982421875,4142.669921875,4098.669921875,4108.5400390625,4108.5400390625,3711110000,,4091.66,4086.45
2022-06-06,4134.72021484375,4168.77978515625,4109.18017578125,4121.43017578125,4121.43017578125,4332700000,,4098.27,4089.63
2022-06-07,4096.47021484375,4164.85986328125,4080.18994140625,4160.68017578125,4160.68017578125,4248210000,,4112.14,4096.09
2022-06-08,4147.1201171875,4160.14013671875,4107.2001953125,4115.77001953125,4115.77001953125,4159470000,,4112.95,4097.88
2022-06-09,4101.64990234375,4119.10009765625,4017.169921875,4017.820068359375,4017.820068359375,4134170000,,4091.81,4090.6
2022-06-10,3974.389892578125,3974.389892578125,3900.159912109375,3900.860107421875,3900.860107421875,4889640000,,4049.38,4073.35
2022-06-13,3838.14990234375,3838.14990234375,3734.300048828125,3749.6298828125,3749.6298828125,5636890000,,3982.77,4043.92
2022-06-14,3763.52001953125,3778.179931640625,3705.679931640625,3735.47998046875,3735.47998046875,5153890000,,3927.81,4015.88
2022-06-15,3764.050048828125,3837.56005859375,3722.300048828125,3789.989990234375,3789.989990234375,5530480000,,3897.19,3995.35
2022-06-16,3728.179931640625,3728.179931640625,3639.77001953125,3666.77001953125,3666.77001953125,5644930000,,3845.98,3965.47
2022-06-17,3665.89990234375,3707.7099609375,3636.8701171875,3674.840087890625,3674.840087890625,8520740000,,3807.95,3939.05
2022-06-21,3715.31005859375,3779.64990234375,3715.31005859375,3764.7900390625,3764.7900390625,5292260000,,3798.36,3923.21
2022-06-22,3733.889892578125,3801.7900390625,3717.68994140625,3759.889892578125,3759.889892578125,5058990000,,3789.81,3908.36
2022-06-23,3774.7099609375,3802.580078125,3743.52001953125,3795.72998046875,3795.72998046875,5098640000,,3791.13,3898.12
2022-06-24,3821.75,3913.64990234375,3821.75,3911.739990234375,3911.739990234375,8120260000,,3817.93,3899.36
2022-06-27,3920.760009765625,3927.719970703125,3889.659912109375,3900.110107421875,3900.110107421875,4325310000,,3836.19,3899.43
2022-06-28,3913.0,3945.860107421875,3820.139892578125,3821.550048828125,3821.550048828125,4270120000,,3832.94,3892.35
2022-06-29,3825.090087890625,3836.5,3799.02001953125,3818.830078125,3818.830078125,4211240000,,3829.8,3885.67
2022-06-30,3785.989990234375,3818.989990234375,3738.669921875,3785.3798828125,3785.3798828125,4840070000,,3819.93,3876.55
2022-07-01,3781.0,3829.820068359375,3752.10009765625,3825.330078125,3825.330078125,4046950000,,3821.13,3871.89
2022-07-05,3792.610107421875,3832.18994140625,3742.06005859375,3831.389892578125,3831.389892578125,5076590000,,3823.41,3868.21
2022-07-06,3831.97998046875,3870.909912109375,3809.3701171875,3845.080078125,3845.080078125,4417720000,,3828.23,3866.11
2022-07-07,3858.85009765625,3910.6298828125,3858.85009765625,3902.6201171875,3902.6201171875,4057770000,,3844.76,3869.43
2022-07-08,3888.260009765625,3918.5,3869.340087890625,3899.3798828125,3899.3798828125,3521620000,,3856.9,3872.15
2022-07-11,3880.93994140625,3880.93994140625,3847.219970703125,3854.429931640625,3854.429931640625,3423480000,,3856.35,3870.54
2022-07-12,3851.949951171875,3873.409912109375,3802.360107421875,3818.800048828125,3818.800048828125,3817210000,,3848.0,3865.84
2022-07-13,3779.669921875,3829.43994140625,3759.070068359375,3801.780029296875,3801.780029296875,4109390000,,3837.73,3860.01
2022-07-14,3763.989990234375,3796.409912109375,3721.56005859375,3790.3798828125,3790.3798828125,4199690000,,3827.21,3853.68
2022-07-15,3818.0,3863.6201171875,3817.179931640625,3863.159912109375,3863.159912109375,4143800000,,3835.2,3854.54
2022-07-18,3883.7900390625,3902.43994140625,3818.6298828125,3830.85009765625,3830.85009765625,4046870000,,3834.23,3852.39
2022-07-19,3860.72998046875,3939.81005859375,3860.72998046875,3936.68994140625,3936.68994140625,4041070000,,3857.0,3860.05
2022-07-20,3935.320068359375,3974.1298828125,3922.030029296875,3959.89990234375,3959.89990234375,4185300000,,3879.87,3869.13
2022-07-21,3955.469970703125,3999.2900390625,3927.639892578125,3998.949951171875,3998.949951171875,4132790000,,3906.33,3880.93
2022-07-22,3998.429931640625,4012.43994140625,3938.860107421875,3961.6298828125,3961.6298828125,3979240000,,3918.62,3888.27
2022-07-25,3965.719970703125,3975.300048828125,3943.4599609375,3966.840087890625,3966.840087890625,3568340000,,3929.33,3895.41
2022-07-26,3953.219970703125,3953.219970703125,3910.739990234375,3921.050048828125,3921.050048828125,3778950000,,3927.49,3897.74
2022-07-27,3951.429931640625,4039.56005859375,3951.429931640625,4023.610107421875,4023.610107421875,4112180000,,3948.85,3909.18
2022-07-28,4026.1298828125,4078.949951171875,3992.969970703125,4072.429931640625,4072.429931640625,4413000000,,3976.31,3924.03
2022-07-29,4087.330078125,4140.14990234375,4079.219970703125,4130.2900390625,4130.2900390625,4616360000,,4010.53,3942.78
2022-08-01,4112.3798828125,4144.9501953125,4096.02001953125,4118.6298828125,4118.6298828125,4202810000,,4034.55,3958.76
2022-08-02,4104.2099609375,4140.47021484375,4079.81005859375,4091.18994140625,4091.18994140625,4727710000,,4047.14,3970.8
2022-08-03,4107.9599609375,4167.66015625,4107.9599609375,4155.169921875,4155.169921875,4351760000,,4071.15,3987.56
2022-08-04,4154.85009765625,4161.2900390625,4135.419921875,4151.93994140625,4151.93994140625,4283320000,,4089.1,4002.51
2022-08-05,4115.8701171875,4151.580078125,4107.31005859375,4145.18994140625,4145.18994140625,4085940000,,4101.56,4015.48
2022-08-08,4155.93017578125,4186.6201171875,4128.97021484375,4140.06005859375,4140.06005859375,4221090000,,4110.12,4026.8
2022-08-09,4133.10986328125,4137.2998046875,4112.08984375,4122.47021484375,4122.47021484375,3913090000,,4112.86,4035.5
2022-08-10,4181.02001953125,4211.02978515625,4177.259765625,4210.240234375,4210.240234375,4546010000,,4134.5,4051.39
2022-08-11,4227.39990234375,4257.91015625,4201.41015625,4207.27001953125,4207.27001953125,4630200000,,4150.67,4065.56
2022-08-12,4225.02001953125,4280.47021484375,4219.77978515625,4280.14990234375,4280.14990234375,3788010000,,4179.45,4085.07
2022-08-15,4269.3701171875,4301.7900390625,4256.89990234375,4297.14013671875,4297.14013671875,3696830000,,4205.6,4104.34
2022-08-16,4290.4599609375,4325.27978515625,4277.77001953125,4305.2001953125,4305.2001953125,4329820000,,4227.73,4122.6
2022-08-17,4280.39990234375,4302.18017578125,4253.080078125,4274.0400390625,4274.0400390625,3885030000,,4238.02,4136.37
2022-08-18,4273.1298828125,4292.52978515625,4261.97998046875,4283.740234375,4283.740234375,3340330000,,4248.18,4149.77
2022-08-19,4266.31005859375,4266.31005859375,4218.7001953125,4228.47998046875,4228.47998046875,3761340000,,4243.8,4156.92
2022-08-22,4195.080078125,4195.080078125,4129.85986328125,4137.990234375,4137.990234375,3907430000,,4220.29,4155.2
2022-08-23,4133.08984375,4159.77001953125,4124.02978515625,4128.72998046875,4128.72998046875,3823520000,,4199.94,4152.8
2022-08-24,4126.5498046875,4156.56005859375,4119.97021484375,4140.77001953125,4140.77001953125,3583630000,,4186.79,4151.7
2022-08-25,4153.259765625,4200.5400390625,4147.58984375,4199.1201171875,4199.1201171875,3566870000,,4189.53,4156.01
2022-08-26,4198.740234375,4203.0400390625,4057.659912109375,4057.659912109375,4057.659912109375,3832750000,,4160.23,4147.07
2022-08-29,4034.580078125,4062.989990234375,4017.419921875,4030.610107421875,4030.610107421875,3396510000,,4131.42,4136.48
2022-08-30,4041.25,4044.97998046875,3965.2099609375,3986.159912109375,3986.159912109375,3835860000,,4099.14,4122.82
2022-08-31,4000.669921875,4015.3701171875,3954.530029296875,3955.0,3955.0,4542490000,,4067.11,4107.56
2022-09-01,3936.72998046875,3970.22998046875,3903.64990234375,3966.85009765625,3966.85009765625,4152250000,,4044.83,4094.77
2022-09-02,3994.659912109375,4018.429931640625,3906.2099609375,3924.260009765625,3924.260009765625,3665850000,,4018.04,4079.27
2022-09-06,3930.889892578125,3942.550048828125,3886.75,3908.18994140625,3908.18994140625,4127340000,,3993.63,4063.72
2022-09-07,3909.429931640625,3987.889892578125,3906.030029296875,3979.8701171875,3979.8701171875,3890320000,,3990.57,4056.09
2022-09-08,3959.93994140625,4010.5,3944.81005859375,4006.179931640625,4006.179931640625,3966850000,,3994.04,4051.56
2022-09-09,4022.93994140625,4076.81005859375,4022.93994140625,4067.360107421875,4067.360107421875,3901940000,,4010.33,4052.99
2022-09-12,4083.669921875,4119.27978515625,4083.669921875,4110.41015625,4110.41015625,3814200000,,4032.57,4058.21
2022-09-13,4037.1201171875,4037.1201171875,3921.280029296875,3932.68994140625,3932.68994140625,4224550000,,4010.38,4046.8
2022-09-14,3940.72998046875,3961.93994140625,3912.179931640625,3946.010009765625,3946.010009765625,4293240000,,3996.07,4037.64
2022-09-15,3932.409912109375,3959.139892578125,3888.280029296875,3901.35009765625,3901.35009765625,4441830000,,3975.02,4025.25
2022-09-16,3880.949951171875,3880.949951171875,3837.080078125,3873.330078125,3873.330078125,7954650000,,3952.42,4011.44
2022-09-19,3849.909912109375,3900.449951171875,3838.5,3899.889892578125,3899.889892578125,3766850000,,3940.75,4001.3
2022-09-20,3875.22998046875,3876.010009765625,3827.5400390625,3855.929931640625,3855.929931640625,4058050000,,3921.9,3988.08
2022-09-21,3871.39990234375,3907.070068359375,3789.489990234375,3789.929931640625,3789.929931640625,4078330000,,3892.57,3970.07
2022-09-22,3782.360107421875,3790.89990234375,3749.449951171875,3757.989990234375,3757.989990234375,4284600000,,3862.67,3950.79
2022-09-23,3727.139892578125,3727.139892578125,3647.469970703125,3693.22998046875,3693.22998046875,5144270000,,3825.01,3927.37
2022-09-26,3682.719970703125,3715.669921875,3644.760009765625,3655.0400390625,3655.0400390625,4886140000,,3787.24,3902.62
2022-09-27,3686.43994140625,3717.530029296875,3623.2900390625,3647.2900390625,3647.2900390625,4577740000,,3756.14,3879.41
2022-09-28,3651.93994140625,3736.739990234375,3640.610107421875,3719.0400390625,3719.0400390625,4684850000,,3747.9,3864.83
2022-09-29,3687.010009765625,3687.010009765625,3610.39990234375,3640.469970703125,3640.469970703125,4681810000,,3724.02,3844.43
2022-09-30,3633.47998046875,3671.43994140625,3584.1298828125,3585.6201171875,3585.6201171875,5645360000,,3693.27,3820.9
2022-10-03,3609.780029296875,3698.35009765625,3604.929931640625,3678.429931640625,3678.429931640625,4806680000,,3689.97,3807.95
2022-10-04,3726.4599609375,3791.919921875,3726.4599609375,3790.929931640625,3790.929931640625,5146580000,,3712.41,3806.4
2022-10-05,3753.25,3806.909912109375,3722.659912109375,3783.280029296875,3783.280029296875,4293180000,,3728.16,3804.3
2022-10-06,3771.969970703125,3797.929931640625,3739.219970703125,3744.52001953125,3744.52001953125,4252100000,,3731.79,3798.87
2022-10-07,3706.739990234375,3706.739990234375,3620.72998046875,3639.659912109375,3639.659912109375,4449660000,,3711.32,3784.39
2022-10-10,3647.510009765625,3652.169921875,3588.10009765625,3612.389892578125,3612.389892578125,3834320000,,3689.33,3768.76
2022-10-11,3595.860107421875,3640.659912109375,3568.449951171875,3588.840087890625,3588.840087890625,4759030000,,3667.0,3752.4
2022-10-12,3590.830078125,3608.340087890625,3573.860107421875,3577.030029296875,3577.030029296875,4006830000,,3647.01,3736.46
2022-10-13,3520.3701171875,3685.409912109375,3491.580078125,3669.909912109375,3669.909912109375,5021680000,,3652.1,3730.41
2022-10-14,3690.409912109375,3712.0,3579.679931640625,3583.070068359375,3583.070068359375,4243030000,,3636.76,3717.01
2022-10-17,3638.64990234375,3689.72998046875,3638.64990234375,3677.949951171875,3677.949951171875,4352780000,,3645.91,3713.46
2022-10-18,3746.260009765625,3762.7900390625,3686.530029296875,3719.97998046875,3719.97998046875,4483740000,4150.59,3662.37,3714.05
2022-10-19,3703.110107421875,3728.580078125,3666.510009765625,3695.159912109375,3695.159912109375,4223800000,4145.09,3669.66,3712.34
2022-10-20,3689.050048828125,3736.0,3656.43994140625,3665.780029296875,3665.780029296875,4496620000,4139.45,3668.8,3708.1
2022-10-21,3657.10009765625,3757.889892578125,3647.419921875,3752.75,3752.75,5078020000,4134.71,3687.45,3712.16
2022-10-24,3762.010009765625,3810.739990234375,3741.64990234375,3797.340087890625,3797.340087890625,4747930000,4130.22,3711.87,3719.91
2022-10-25,3799.43994140625,3862.85009765625,3799.43994140625,3859.110107421875,3859.110107421875,4843120000,4126.13,3744.59,3732.56
2022-10-26,3825.969970703125,3886.14990234375,3824.070068359375,3830.60009765625,3830.60009765625,4817310000,4121.93,3763.7,3741.47
2022-10-27,3834.68994140625,3859.949951171875,3803.7900390625,3807.300048828125,3807.300048828125,4687320000,4117.4,3773.39,3747.46
2022-10-28,3808.260009765625,3905.419921875,3808.260009765625,3901.06005859375,3901.06005859375,4459410000,4113.27,3801.76,3761.42
2022-10-31,3881.85009765625,3893.72998046875,3863.179931640625,3871.97998046875,3871.97998046875,4820620000,4109.34,3817.37,3771.47
2022-11-01,3901.7900390625,3911.7900390625,3843.800048828125,3856.10009765625,3856.10009765625,4481210000,4105.3,3825.97,3779.17
2022-11-02,3852.89990234375,3894.43994140625,3758.679931640625,3759.68994140625,3759.68994140625,4899000000,4101.22,3811.24,3777.4
2022-11-03,3733.25,3750.590087890625,3698.14990234375,3719.889892578125,3719.889892578125,4625290000,4097.15,3790.94,3772.17
2022-11-04,3766.97998046875,3796.340087890625,3708.840087890625,3770.550048828125,3770.550048828125,5400180000,4093.59,3786.41,3772.02
2022-11-07,3780.7099609375,3813.949951171875,3764.699951171875,3806.800048828125,3806.800048828125,4341620000,4090.64,3790.94,3775.18
2022-11-08,3817.02001953125,3859.39990234375,3786.280029296875,3828.110107421875,3828.110107421875,4607640000,4087.73,3799.2,3779.99
2022-11-09,3810.93994140625,3818.199951171875,3744.219970703125,3748.570068359375,3748.570068359375,4645010000,4084.69,3787.95,3777.14
2022-11-10,3859.889892578125,3958.330078125,3859.889892578125,3956.3701171875,3956.3701171875,5781260000,4082.72,3825.38,3793.43
2022-11-11,3963.719970703125,4001.47998046875,3944.820068359375,3992.929931640625,3992.929931640625,5593310000,4081.05,3862.61,3811.57
2022-11-14,3977.969970703125,4008.969970703125,3956.39990234375,3957.25,3957.25,4561930000,4078.68,3883.64,3824.81
2022-11-15,4006.409912109375,4028.840087890625,3953.169921875,3991.72998046875,3991.72998046875,5015310000,4076.06,3907.66,3839.99
2022-11-16,3976.820068359375,3983.090087890625,3954.340087890625,3958.7900390625,3958.7900390625,4165320000,4073.12,3919.02,3850.79
2022-11-17,3919.260009765625,3954.330078125,3906.5400390625,3946.56005859375,3946.56005859375,4051780000,4069.91,3925.14,3859.49
2022-11-18,3966.389892578125,3979.889892578125,3935.97998046875,3965.340087890625,3965.340087890625,4037360000,4067.34,3934.08,3869.12
2022-11-21,3956.22998046875,3962.0,3933.340087890625,3949.93994140625,3949.93994140625,3850690000,4064.59,3937.6,3876.46
2022-11-22,3965.510009765625,4005.8798828125,3956.8798828125,4003.580078125,4003.580078125,3887990000,4062.19,3952.26,3888.02
2022-11-23,4000.300048828125,4033.780029296875,3998.659912109375,4027.260009765625,4027.260009765625,3279720000,4059.72,3968.93,3900.68
2022-11-25,4023.340087890625,4034.02001953125,4020.760009765625,4026.1201171875,4026.1201171875,1706460000,4056.91,3981.64,3912.08
2022-11-28,4005.360107421875,4012.27001953125,3955.77001953125,3963.93994140625,3963.93994140625,3615430000,4054.21,3977.71,3916.8
2022-11-29,3964.18994140625,3976.77001953125,3937.64990234375,3957.6298828125,3957.6298828125,3546040000,4051.91,3973.24,3920.51
2022-11-30,3957.179931640625,4080.110107421875,3938.580078125,4080.110107421875,4080.110107421875,6579360000,4050.3,3996.99,3935.02
2022-12-01,4087.139892578125,4100.509765625,4050.8701171875,4076.570068359375,4076.570068359375,4527130000,4048.33,4014.68,3947.89
2022-12-02,4040.169921875,4080.47998046875,4026.6298828125,4071.699951171875,4071.699951171875,4012620000,4046.31,4027.35,3959.14
2022-12-05,4052.02001953125,4052.449951171875,3984.489990234375,3998.840087890625,3998.840087890625,4280820000,4044.4,4021.01,3962.75
2022-12-06,3996.6298828125,4001.510009765625,3918.389892578125,3941.260009765625,3941.260009765625,4368380000,4042.37,4003.29,3960.8
2022-12-07,3933.280029296875,3957.570068359375,3922.679931640625,3933.919921875,3933.919921875,4118050000,4040.51,3987.87,3958.35
2022-12-08,3947.7900390625,3974.18994140625,3935.830078125,3963.510009765625,3963.510009765625,4006900000,4039.2,3982.46,3958.82
2022-12-09,3954.169921875,3977.02001953125,3933.0400390625,3934.3798828125,3934.3798828125,3888260000,4037.43,3971.78,3956.6
2022-12-12,3939.2900390625,3990.7099609375,3935.300048828125,3990.56005859375,3990.56005859375,3904130000,4035.46,3975.95,3959.69
2022-12-13,4069.3798828125,4100.9599609375,3993.030029296875,4019.64990234375,4019.64990234375,5079360000,4033.69,3985.66,3965.14
2022-12-14,4015.5400390625,4053.760009765625,3965.64990234375,3995.320068359375,3995.320068359375,4472340000,4032.13,3987.81,3967.88
2022-12-15,3958.3701171875,3958.3701171875,3879.449951171875,3895.75,3895.75,4493900000,4029.68,3967.35,3961.32
2022-12-16,3890.909912109375,3890.909912109375,3827.909912109375,3852.360107421875,3852.360107421875,7493660000,4027.12,3941.8,3951.42
2022-12-19,3853.7900390625,3854.860107421875,3800.0400390625,3817.659912109375,3817.659912109375,3969610000,4024.57,3914.21,3939.26
2022-12-20,3810.469970703125,3838.239990234375,3795.6201171875,3821.6201171875,3821.6201171875,3985370000,4022.67,3893.64,3928.56
2022-12-21,3839.489990234375,3889.820068359375,3839.489990234375,3878.43994140625,3878.43994140625,3775200000,4021.21,3890.26,3924.01
2022-12-22,3853.260009765625,3853.260009765625,3764.489990234375,3822.389892578125,3822.389892578125,3956950000,4018.93,3875.18,3914.77
2022-12-23,3815.110107421875,3845.800048828125,3797.010009765625,3844.820068359375,3844.820068359375,2819280000,4016.86,3868.43,3908.41
2022-12-27,3843.340087890625,3846.64990234375,3813.219970703125,3829.25,3829.25,3030300000,4014.98,3859.72,3901.21
2022-12-28,3829.56005859375,3848.320068359375,3780.780029296875,3783.219970703125,3783.219970703125,3083520000,4013.03,3842.72,3890.49
2022-12-29,3805.449951171875,3858.18994140625,3805.449951171875,3849.280029296875,3849.280029296875,3003680000,4010.97,3844.18,3886.74
2022-12-30,3829.06005859375,3839.85009765625,3800.340087890625,3839.5,3839.5,2979870000,4008.38,3843.14,3882.45
2023-01-03,3853.2900390625,3878.4599609375,3794.330078125,3824.139892578125,3824.139892578125,3959140000,4005.44,3838.92,3877.15
2023-01-04,3840.360107421875,3873.159912109375,3815.77001953125,3852.969970703125,3852.969970703125,4414080000,4002.39,3842.04,3874.95
2023-01-05,3839.739990234375,3839.739990234375,3802.419921875,3808.10009765625,3808.10009765625,3893450000,3999.12,3834.5,3868.87
2023-01-06,3823.3701171875,3906.18994140625,3809.56005859375,3895.080078125,3895.080078125,3923560000,3996.04,3847.96,3871.25
2023-01-09,3910.820068359375,3950.570068359375,3890.419921875,3892.090087890625,3892.090087890625,4311770000,3993.22,3857.77,3873.15
2023-01-10,3888.570068359375,3919.830078125,3877.2900390625,3919.25,3919.25,3851030000,3990.21,3871.43,3877.34
2023-01-11,3932.35009765625,3970.070068359375,3928.5400390625,3969.610107421875,3969.610107421875,4303360000,3987.35,3893.25,3885.73
2023-01-12,3977.570068359375,3997.760009765625,3937.56005859375,3983.169921875,3983.169921875,4440260000,3984.39,3913.23,3894.59
2023-01-13,3960.60009765625,4003.949951171875,3947.669921875,3999.090087890625,3999.090087890625,3939700000,3981.22,3932.31,3904.09
2023-01-17,3999.280029296875,4015.389892578125,3984.570068359375,3990.969970703125,3990.969970703125,4235560000,3978.17,3945.35,3911.98
2023-01-18,4002.25,4014.159912109375,3926.590087890625,3928.860107421875,3928.860107421875,4298710000,3975.16,3941.68,3913.52
2023-01-19,3911.840087890625,3922.93994140625,3885.5400390625,3898.85009765625,3898.85009765625,3991500000,3971.92,3932.16,3912.19
2023-01-20,3909.0400390625,3972.9599609375,3897.860107421875,3972.610107421875,3972.610107421875,4013360000,3968.87,3941.15,3917.68
2023-01-23,3978.139892578125,4039.31005859375,3971.639892578125,4019.81005859375,4019.81005859375,3945210000,3966.35,3958.63,3926.96
2023-01-24,4001.739990234375,4023.919921875,3989.7900390625,4016.949951171875,4016.949951171875,3320430000,3964.02,3971.59,3935.14
2023-01-25,3982.7099609375,4019.550048828125,3949.06005859375,4016.219970703125,4016.219970703125,3724020000,3961.6,3981.51,3942.51
2023-01-26,4036.080078125,4061.570068359375,4013.2900390625,4060.429931640625,4060.429931640625,3809590000,3959.47,3999.05,3953.23
2023-01-27,4053.719970703125,4094.2099609375,4048.699951171875,4070.56005859375,4070.56005859375,3907760000,3957.76,4014.94,3963.9
2023-01-30,4049.27001953125,4063.85009765625,4015.550048828125,4017.77001953125,4017.77001953125,3802000000,3955.86,4015.57,3968.8
2023-01-31,4020.85009765625,4077.159912109375,4020.43994140625,4076.60009765625,4076.60009765625,4679320000,3954.01,4029.13,3978.6
2023-02-01,4070.070068359375,4148.9501953125,4037.199951171875,4119.2099609375,4119.2099609375,4856930000,3952.64,4049.15,3991.38
2023-02-02,4158.68017578125,4195.43994140625,4141.8798828125,4179.759765625,4179.759765625,5624360000,3951.58,4078.17,4008.51
2023-02-03,4136.68994140625,4182.35986328125,4123.35986328125,4136.47998046875,4136.47998046875,4694510000,3949.95,4091.13,4020.14
2023-02-06,4119.56982421875,4124.6298828125,4093.3798828125,4111.080078125,4111.080078125,4114240000,3948.21,4095.56,4028.41
2023-02-07,4105.35009765625,4176.5400390625,4088.389892578125,4164.0,4164.0,4355860000,3947.06,4110.77,4040.73
2023-02-08,4153.47021484375,4156.85009765625,4111.669921875,4117.85986328125,4117.85986328125,4029820000,3946.29,4112.35,4047.75
2023-02-09,4144.25,4156.22998046875,4069.669921875,4081.5,4081.5,4270200000,3945.22,4105.49,4050.81
2023-02-10,4068.919921875,4094.360107421875,4060.7900390625,4090.4599609375,4090.4599609375,3891520000,3944.8,4102.15,4054.42
2023-02-13,4096.6201171875,4138.89990234375,4092.669921875,4137.2900390625,4137.2900390625,3448620000,3944.56,4109.96,4061.95
2023-02-14,4126.7001953125,4159.77001953125,4095.010009765625,4136.1298828125,4136.1298828125,3929200000,3943.81,4115.78,4068.7
2023-02-15,4119.5,4148.10986328125,4103.97998046875,4147.60009765625,4147.60009765625,4075980000,3943.88,4122.85,4075.87
2023-02-16,4114.75,4136.5400390625,4089.489990234375,4090.409912109375,4090.409912109375,4143660000,3943.56,4115.64,4077.19
2023-02-17,4077.389892578125,4081.510009765625,4047.949951171875,4079.090087890625,4079.090087890625,4045480000,3943.08,4107.52,4077.36
2023-02-21,4052.35009765625,4052.35009765625,3995.18994140625,3997.340087890625,3997.340087890625,4121590000,3941.56,4083.03,4070.09
2023-02-22,4001.830078125,4017.3701171875,3976.89990234375,3991.050048828125,3991.050048828125,4079320000,3940.78,4062.59,4062.9
2023-02-23,4018.60009765625,4028.300048828125,3969.18994140625,4012.320068359375,4012.320068359375,3952940000,3940.23,4051.42,4058.3
2023-02-24,3973.239990234375,3978.25,3943.080078125,3970.0400390625,3970.0400390625,3877700000,3940.12,4033.34,4050.28
2023-02-27,3992.360107421875,4018.050048828125,3973.550048828125,3982.239990234375,3982.239990234375,3836950000,3940.03,4021.98,4044.1
2023-02-28,3977.18994140625,3997.5,3968.97998046875,3970.14990234375,3970.14990234375,5043400000,3940.2,4010.46,4037.37
2023-03-01,3963.340087890625,3971.72998046875,3939.050048828125,3951.389892578125,3951.389892578125,4249480000,3940.31,3997.34,4029.56
2023-03-02,3938.679931640625,3990.840087890625,3928.159912109375,3981.35009765625,3981.35009765625,4244900000,3940.1,3993.78,4025.17
2023-03-03,3998.02001953125,4048.2900390625,3995.169921875,4045.639892578125,4045.639892578125,4084730000,3940.29,4005.31,4027.03
2023-03-06,4055.14990234375,4078.489990234375,4044.610107421875,4048.419921875,4048.419921875,4000870000,3940.08,4014.89,4028.98
2023-03-07,4048.260009765625,4050.0,3980.31005859375,3986.3701171875,3986.3701171875,3922500000,3940.4,4008.55,4025.1
2023-03-08,3987.550048828125,4000.409912109375,3969.760009765625,3992.010009765625,3992.010009765625,3535570000,3940.85,4004.87,4022.1
2023-03-09,3998.659912109375,4017.81005859375,3908.699951171875,3918.320068359375,3918.320068359375,4445260000,3940.94,3985.64,4012.66
2023-03-10,3912.77001953125,3934.050048828125,3846.320068359375,3861.590087890625,3861.590087890625,5518190000,3940.38,3958.07,3998.93
2023-03-13,3835.1201171875,3905.050048828125,3808.860107421875,3855.760009765625,3855.760009765625,6558020000,3939.95,3935.34,3985.91
2023-03-14,3894.010009765625,3937.2900390625,3873.6298828125,3919.2900390625,3919.2900390625,5665870000,3939.65,3931.77,3979.86
2023-03-15,3876.739990234375,3894.260009765625,3838.239990234375,3891.929931640625,3891.929931640625,6594010000,3938.82,3922.92,3971.86
2023-03-16,3878.929931640625,3964.4599609375,3864.110107421875,3960.280029296875,3960.280029296875,5695790000,3937.83,3931.22,3970.81
2023-03-17,3958.68994140625,3958.909912109375,3901.27001953125,3916.639892578125,3916.639892578125,9354280000,3936.75,3927.98,3965.89
2023-03-20,3917.469970703125,3956.6201171875,3916.889892578125,3951.570068359375,3951.570068359375,5347140000,3936.01,3933.22,3964.58
2023-03-21,3975.889892578125,4009.080078125,3971.18994140625,4002.8701171875,4002.8701171875,4920240000,3935.14,3948.7,3968.06
2023-03-22,4002.0400390625,4039.489990234375,3936.169921875,3936.969970703125,3936.969970703125,4533010000,3934.28,3946.09,3965.24
2023-03-23,3959.2099609375,4007.659912109375,3919.050048828125,3948.719970703125,3948.719970703125,4991600000,3933.41,3946.68,3963.74
2023-03-24,3939.2099609375,3972.739990234375,3909.159912109375,3970.989990234375,3970.989990234375,4583970000,3932.47,3952.08,3964.4
2023-03-27,3982.929931640625,4003.830078125,3970.489990234375,3977.530029296875,3977.530029296875,4233540000,3931.77,3957.74,3965.59
2023-03-28,3974.1298828125,3979.199951171875,3951.530029296875,3971.27001953125,3971.27001953125,4014600000,3931.54,3960.74,3966.11
2023-03-29,3999.530029296875,4030.590087890625,3999.530029296875,4027.81005859375,4027.81005859375,4145250000,3932.18,3975.65,3971.72
2023-03-30,4046.739990234375,4057.85009765625,4032.10009765625,4050.830078125,4050.830078125,3930860000,3933.68,3992.35,3978.91
2023-03-31,4056.179931640625,4110.75,4056.179931640625,4109.31005859375,4109.31005859375,4525120000,3935.55,4018.34,3990.76
2023-04-03,4102.2001953125,4127.66015625,4098.7900390625,4124.509765625,4124.509765625,4234700000,3937.22,4041.94,4002.92
2023-04-04,4128.02978515625,4133.1298828125,4086.8701171875,4100.60009765625,4100.60009765625,4227800000,3939.39,4054.97,4011.8
2023-04-05,4094.5,4099.68994140625,4072.56005859375,4090.3798828125,4090.3798828125,3968020000,3941.47,4062.84,4018.94
2023-04-06,4081.14990234375,4107.31982421875,4069.840087890625,4105.02001953125,4105.02001953125,3486690000,3943.17,4072.21,4026.77
2023-04-10,4085.199951171875,4109.5,4072.550048828125,4109.10986328125,4109.10986328125,3423650000,3944.92,4080.41,4034.26
2023-04-11,4110.2900390625,4124.259765625,4102.60986328125,4108.93994140625,4108.93994140625,3665830000,3946.48,4086.75,4041.04
2023-04-12,4121.72021484375,4134.3701171875,4086.93994140625,4091.949951171875,4091.949951171875,3633120000,3947.39,4087.91,4045.67
2023-04-13,4100.0400390625,4150.259765625,4099.39990234375,4146.22021484375,4146.22021484375,3596590000,3948.62,4100.87,4054.81
2023-04-14,4140.10986328125,4163.18994140625,4113.2001953125,4137.64013671875,4137.64013671875,3575690000,3950.2,4109.04,4062.34
2023-04-17,4137.169921875,4151.72021484375,4123.18017578125,4151.31982421875,4151.31982421875,3611180000,3951.86,4118.43,4070.43
2023-04-18,4164.259765625,4169.47998046875,4140.35986328125,4154.8701171875,4154.8701171875,3536640000,3953.71,4126.53,4078.11
2023-04-19,4139.330078125,4162.56982421875,4134.490234375,4154.52001953125,4154.52001953125,3572560000,3955.35,4132.75,4085.05
2023-04-20,4130.47998046875,4148.56982421875,4114.56982421875,4129.7900390625,4129.7900390625,3772080000,3956.84,4132.09,4089.12
2023-04-21,4132.14013671875,4138.02001953125,4113.85986328125,4133.52001953125,4133.52001953125,3611750000,3958.29,4132.41,4093.16
2023-04-24,4132.06982421875,4142.41015625,4117.77001953125,4137.0400390625,4137.0400390625,3290940000,3959.46,4133.44,4097.15
2023-04-25,4126.43017578125,4126.43017578125,4071.3798828125,4071.6298828125,4071.6298828125,3978640000,3960.32,4119.7,4094.83
2023-04-26,4087.780029296875,4089.669921875,4049.35009765625,4055.989990234375,4055.989990234375,3837030000,3961.33,4105.54,4091.3
2023-04-27,4075.2900390625,4138.240234375,4075.2900390625,4135.35009765625,4135.35009765625,3750550000,3962.91,4112.17,4095.3
2023-04-28,4129.6298828125,4170.06005859375,4127.18017578125,4169.47998046875,4169.47998046875,4087800000,3964.75,4124.9,4102.04
2023-05-01,4166.7900390625,4186.919921875,4164.1201171875,4167.8701171875,4167.8701171875,3321370000,3966.64,4134.45,4108.03
2023-05-02,4164.10009765625,4164.10009765625,4089.719970703125,4119.580078125,4119.580078125,4486130000,3967.92,4131.15,4109.08
2023-05-03,4122.25,4148.2998046875,4088.860107421875,4090.75,4090.75,4246510000,3969.22,4122.17,4107.41
2023-05-04,4082.550048828125,4082.610107421875,4048.280029296875,4061.219970703125,4061.219970703125,4920090000,3969.84,4108.63,4103.21
2023-05-05,4084.72998046875,4147.02001953125,4084.72998046875,4136.25,4136.25,4186270000,3970.72,4114.76,4106.22
2023-05-08,4136.97998046875,4142.2998046875,4123.81005859375,4138.1201171875,4138.1201171875,3641640000,3971.42,4119.95,4109.12
2023-05-09,4124.25,4130.35009765625,4116.64990234375,4119.169921875,4119.169921875,3810140000,3972.21,4119.78,4110.03
2023-05-10,4143.740234375,4154.27978515625,4098.919921875,4137.64013671875,4137.64013671875,4057160000,3973.06,4123.75,4112.54
2023-05-11,4132.240234375,4132.7998046875,4109.2900390625,4130.6201171875,4130.6201171875,3752900000,3974.11,4125.28,4114.18
2023-05-12,4138.5400390625,4143.740234375,4099.1201171875,4124.080078125,4124.080078125,3533740000,3974.61,4125.01,4115.08
